{
    "cameraMatrixL": [
        [
            1175.9318104257968,
            0.0,
            953.4400649317635
        ],
        [
            0.0,
            1178.829539428327,
            531.6113782903312
        ],
        [
            0.0,
            0.0,
            1.0
        ]
    ],
    "distCoeffsL": [
        [
            -0.019781771124869636,
            -0.03955841810275026,
            -0.0017663372223640362,
            -0.003287906819938256,
            0.0395035486931128
        ]
    ],
    "cameraMatrixR": [
        [
            1178.6272335909316,
            0.0,
            936.1201431988873
        ],
        [
            0.0,
            1181.7451697852755,
            524.5390674149788
        ],
        [
            0.0,
            0.0,
            1.0
        ]
    ],
    "distCoeffsR": [
        [
            -0.01273349574944207,
            -0.059868924661268766,
            -0.004528006292720679,
            -0.007905615610660825,
            0.07007120636163403
        ]
    ],
    "R": [
        [
            0.9963893755659492,
            1.4686300819203289e-05,
            0.08490118988336033
        ],
        [
            -0.001332758585425542,
            0.9998794732146515,
            0.015468122010892043
        ],
        [
            -0.08489072984637848,
            -0.01552542522134053,
            0.9962693035308504
        ]
    ],
    "T": [
        [
            -0.004170971469831339
        ],
        [
            6.793494701915852e-05
        ],
        [
            0.000307489335513621
        ]
    ],
    "E": [
        [
            -5.357238182698847e-06,
            -0.0003085069937523443,
            6.292521979340946e-05
        ],
        [
            -4.769770523679888e-05,
            -6.47515897743312e-05,
            0.0041815170517574655
        ],
        [
            -6.213076140354249e-05,
            -0.004170469753761368,
            -7.028485343589046e-05
        ]
    ],
    "F": [
        [
            2.042216620850013e-08,
            1.1731593154221004e-06,
            -0.0009252131876548991
        ],
        [
            1.8134724916599428e-07,
            2.455811627055598e-07,
            -0.018998630874893223
        ],
        [
            0.00016491277399706107,
            0.01746486408726229,
            1.0
        ]
    ],
    "rms_left": 0.44338498338032545,
    "rms_right": 0.44579442483158055,
    "rms_stereo": 0.5312426825685321,
    "baseline_m": 0.004182842078136359
}